<?xml version="1.0" encoding="utf-8"?>

<modification>
    <code>qwqer-delivery</code>
    <name>QWQER Delivery</name>
    <version>0.0.5</version>
    <author>QWQER Team</author>
    <link>https://qwqer.eu</link>

    <file path="admin/controller/sale/order.php">
        <operation>
            <search><![CDATA[
                $this->response->setOutput($this->load->view('sale/order_info', $data));
            ]]></search>
            <add position="replace"><![CDATA[
                $this->load->model('extension/module/qwqer');
                $data['qwqer_module_enabled'] = $this->config->get('module_qwqer_status');
                $data['qwqer_order'] = [];
                $this->load->language('extension/module/qwqer/global');

                if ($data['qwqer_module_enabled']) {
                    $data['qwqer_order'] = $this->model_extension_module_qwqer->getOrderByOrderId($order_id);

                    if ($data['qwqer_order']) {
                        $data['qwqer_order']['status'] = $this->language->get('qwqer_status_name')[$data['qwqer_order']['status']];
                    }
                }

                $this->response->setOutput($this->load->view('sale/order_info', $data));
            ]]></add>
        </operation>
    </file>

    <file path="admin/language/en-gb/sale/order.php">
        <operation>
            <search><![CDATA[
                <?php
            ]]></search>
            <add position="replace"><![CDATA[
                <?php

                $_['button_deliver_by_qwqer'] = 'Deliver by QWQER';
            ]]></add>
        </operation>
    </file>

    <file path="admin/view/template/sale/order_info.twig">
        <operation>
            <search index="3">
              <![CDATA[
                <div class="panel panel-default">
              ]]>
            </search>
            <add position="before">
              <![CDATA[
                {% if qwqer_module_enabled %}
                <div class="row">
                  <div class="col-md-4">
                    <div class="panel panel-default">
                      <div class="panel-heading">
                        <h3 class="panel-title"><i class="fa fa-truck"></i> QWQER Delivery</h3>
                      </div>

                      <table id="qwqer-status-table" class="table" {% if not qwqer_order %} style="display: none;" {% endif %}>
                        <tbody>
                          <tr>
                            <td>{{ text_qwqer_status }}</td>
                            <td class="text-right">
                              <span>{{ qwqer_order.status }}</span>
                            </td>
                            <td class="text-center">
                              <button data-qwqer_order_id="{{ qwqer_order.id }}" class="btn btn-success btn-xs" data-toggle="tooltip" title="{{ text_update_qwqer_status }}"><i class="fa fa-refresh"></i></button>
                            </td>
                          </tr>
                        </tbody>
                      </table>

                      <div id="qwqer-openmodal-button" class="panel-body" {% if qwqer_order %} style="display: none;" {% endif %}>
                        <button id="qwqer-button" class="btn btn-primary btn-block">{{ button_deliver_by_qwqer }}</button>
                      </div>

                      <div id="qwqer-modal" class="modal fade" tabindex="-1" role="dialog">
                        <div class="modal-dialog" role="document">
                          <div class="modal-content"></div>
                        </div>
                      </div>
                    </div>
                  </div>
                </div>
                {% endif %}
              ]]>
            </add>
        </operation>

        <operation>
            <search><![CDATA[
                {{ footer }}
            ]]></search>
            <add position="before"><![CDATA[
              <script>
                {% if qwqer_module_enabled %}
                  $('#qwqer-button').on('click', function () {
                    $.ajax({
                      url: 'index.php?route=extension/module/qwqer/modal&user_token={{ user_token }}&order_id={{ order_id }}',
                      type: 'GET',
                      dataType: 'html',
                      beforeSend: function() {
                        $('#qwqer-button').button('loading');
                      },
                      complete: function() {
                        $('#qwqer-button').button('reset');
                      },
                      success: function(html) {
                        $('#qwqer-modal').find('.modal-content').html(html)
                        $('#qwqer-modal').modal()
                      },
                      error: function(xhr, ajaxOptions, thrownError) {
                        alert(thrownError + "\r\n" + xhr.statusText + "\r\n" + xhr.responseText);
                      }
                    })
                  })

                  $('#qwqer-status-table button').on('click', function () {
                    $.ajax({
                      url: 'index.php?route=extension/module/qwqer/update&user_token={{ user_token }}&order_id={{ order_id }}',
                      type: 'GET',
                      dataType: 'json',
                      beforeSend: function() {
                        // $('#qwqer-status-table button').button('loading');
                        $('#qwqer-status-table button').prop('disabled', true);
                      },
                      complete: function() {
                        // $('#qwqer-status-table button').button('reset');
                        $('#qwqer-status-table button').prop('disabled', false);
                      },
                      success: function(response) {
                        $('#qwqer-status-table span').text(response.data.status_name)
                      },
                      error: function(xhr, ajaxOptions, thrownError) {
                        alert(thrownError + "\r\n" + xhr.statusText + "\r\n" + xhr.responseText);
                      }
                    })
                  })
                {% endif %}
              </script>
            ]]></add>
        </operation>
    </file>
</modification>
